[
  {
    "id": "333",
    "lat": "43.050434",
    "lng": "-75.401209",
    "name": "1 Anderson Road",
    "description": "1 Anderson Road includes two apartments (one 5-person unit and one 6-person unit) for upper-class student housing. Both units are laid out in a duplex-like style with large living rooms and kitchens on the first floor and second-floor bedrooms accessible via private stairways. Both apartments are considered to be co-educational.",
    "link360": "",
    "linkStreetview": "https://www.google.com/maps/@43.050014,-75.401001,3a,75y,339.14h,80.8t/data=!3m7!1e1!3m5!1sR_KV1-NZVfGUKF2rKV4MyA!2e0!3e5!7i13312!8i6656",
    "linkOther": "",
    "linkOtherText": "",
    "imgpath": "/virtualTour/content/mobile/333/0.jpg"
  },
  {
    "id": "174",
    "lat": "43.0506513815216",
    "lng": "-75.40318767167341",
    "name": "100 College Hill Road",
    "description": "100 College Hill Road is a duplex used by Hamilton for temporary housing. The first floor apartment has two doubles and a single, while the second floor includes two doubles and two singles. Each apartment is equipped with cable, high-speed Internet, a living room, a large kitchen and is substance free. These apartments can be coed or single sex, but the total building occupancy cannot exceed 60 percent of either gender.",
    "link360": "",
    "linkStreetview": "https://maps.google.com/maps?ll=43.050196,-75.403244&spn=0.002409,0.003227&cbll=43.050205,-75.403372&layer=c&panoid=lk9RLm3zdn6SQtBGHal47g&cbp=12,22.94,,1,1.98&t=m&z=19",
    "linkOther": "",
    "linkOtherText": "",
    "imgpath": "/virtualTour/content/mobile/174/0.jpg"
  },
  {
    "id": "183",
    "lat": "43.05690899862444",
    "lng": "-75.40660800259759",
    "name": "4002 Campus Road",
    "description": "4002 Campus Road is a duplex that has six singles, three on each side. Each apartment has a living room and a large kitchen. One of the 4002 Campus Road apartments can either be female-only and the other male-only or both must be co-ed. Rooms in 4002 Campus Road are offered to sophomore, junior and senior students. ",
    "link360": "",
    "linkStreetview": "https://www.google.com/maps/@43.0568184,-75.4067548,3a,90y,60.46h,92.04t/data=!3m5!1e1!3m3!1sh7lEF8TBSUJtFVWK1O6ohA!2e0!3e5",
    "linkOther": "",
    "linkOtherText": "",
    "imgpath": "/virtualTour/content/mobile/183/0.jpg"
  },
  {
    "id": "75",
    "lat": "43.0509288551763",
    "lng": "-75.4086094038628",
    "name": "Afro-Latin Cultural Center",
    "description": "Founded in 1969, the Afro-Latin Cultural Center provides a place of solidarity for Black and Latino/a students and is the home to faculty in the Africana Studies Department. Open to the entire community, the center sponsors discussions, lectures, art shows and similar educational, cultural and social events.",
    "link360": "",
    "linkStreetview": "https://maps.google.com/maps?ll=43.050652,-75.408842&spn=0.001086,0.003227&cbll=43.050652,-75.408842&layer=c&panoid=Izx-MdL1Eq0ozDFU9LMV2w&cbp=11,42.06,,1,-0.98&t=m&z=19",
    "linkOther": "",
    "linkOtherText": "",
    "imgpath": "/virtualTour/content/mobile/75/0.jpg"
  },
  {
    "id": "172",
    "lat": "43.05192192299025",
    "lng": "-75.40500623455633",
    "name": "Alexander Hamilton Statue",
    "description": "The statue of Alexander Hamilton commemorates the College's namesake and one of its first trustees. In 1793, the first secretary of the treasury and President George Washington supported missionary Samuel Kirkland's 'plan of education,' which began as the Hamilton-Oneida Academy and in 1812 became Hamilton College.",
    "link360": "",
    "linkStreetview": "https://maps.google.com/maps?ll=43.052187,-75.405575&spn=0.002172,0.006453&cbll=43.052189,-75.405577&layer=c&panoid=jrmBiSf6y_BA4HFWHNg_xQ&cbp=11,312.56,,1,3.44&t=m&z=18",
    "linkOther": "",
    "linkOtherText": "",
    "imgpath": "/virtualTour/content/mobile/172/0.jpg"
  },
  {
    "id": "94",
    "lat": "43.05320511765579",
    "lng": "-75.40738460783607",
    "name": "Alumni Gymnasium",
    "description": "The Alumni Gym contains a basketball court, weight room and locker rooms. It served as Hamilton's primary gymnasium until the Margaret Scott Bundy Field House was constructed in 1978.",
    "link360": "",
    "linkStreetview": "https://maps.google.com/maps?ll=43.053285,-75.407136&spn=0.002172,0.006453&cbll=43.053285,-75.407134&layer=c&panoid=oG4yjpqIqgaPRynkpz902Q&cbp=11,336.71,,0,0.6&t=m&z=18",
    "linkOther": "",
    "linkOtherText": "",
    "imgpath": "/virtualTour/content/mobile/94/0.jpg"
  },
  {
    "id": "55",
    "lat": "43.04995610195463",
    "lng": "-75.40551466312179",
    "name": "Anderson-Connell Alumni Center (C&D)",
    "description": "Originally an inn called Lee's Tavern and the home of the Root family, the Alumni Center is one of the oldest buildings on College Hill. It is named in honor of Molly and Joseph F. Anderson, Class of 1944, and in memory of Clancy D. Connell, Class of 1912. It houses the offices of Communications and Development.",
    "link360": "",
    "linkStreetview": "https://maps.google.com/maps?ll=43.050368,-75.405339&spn=0.002172,0.006453&cbll=43.050367,-75.405341&layer=c&panoid=ZGpeyKUmapy03INoz1QcqQ&cbp=11,190.23,,0,-1.21&t=m&z=18",
    "linkOther": "",
    "linkOtherText": "",
    "imgpath": "/virtualTour/content/mobile/55/0.jpg"
  },
  {
    "id": "64",
    "lat": "43.05081760898285",
    "lng": "-75.40689031866143",
    "name": "Azel Backus House",
    "description": "The only building still extant from the Hamilton-Oneida Academy, Backus House was constructed as a boardinghouse for the academy's students. In 1812 it became the home of Azel Backus, the first president of the College. Since 1958 the house has contained faculty and staff apartments and has served as a meeting place for various campus and alumni groups.",
    "link360": "",
    "linkStreetview": "https://maps.google.com/maps?ll=43.050478,-75.406712&spn=0.002172,0.006453&cbll=43.050478,-75.406713&layer=c&panoid=TRy113qZ3GUHTShAylRq4w&cbp=11,328.3,,0,6.58&t=m&z=18",
    "linkOther": "",
    "linkOtherText": "",
    "imgpath": "/virtualTour/content/mobile/64/0.jpg"
  },
  {
    "id": "53",
    "lat": "43.04889260081712",
    "lng": "-75.41185864173292",
    "name": "Babbitt Pavilion",
    "description": "The picnic pavilion is an outdoor social space located adjacent to Minor Field. It is used for picnics and other similar gatherings.",
    "link360": "",
    "linkStreetview": "https://maps.google.com/maps?ll=43.048824,-75.411277&spn=0.002172,0.006453&cbll=43.048822,-75.411275&layer=c&panoid=s78aqWSuZbSLBL1yNIcZIw&cbp=11,280.01,,0,0.62&t=m&z=18",
    "linkOther": "",
    "linkOtherText": "",
    "imgpath": "/virtualTour/content/mobile/53/0.jpg"
  },
  {
    "id": "109",
    "lat": "43.04829467925262",
    "lng": "-75.41067988629186",
    "name": "Babbitt Residence Hall",
    "description": "Babbitt is located on the south side of campus and provides housing for sophomores, juniors and seniors. Each suite includes a lounge area, a kitchen facility and a bathroom that is shared with another suite. In addition, Babbitt has a central lounge as well as several laundry facilities. ",
    "link360": "",
    "linkStreetview": "https://maps.google.com/maps?ll=43.048883,-75.411186&spn=0.001086,0.003227&cbll=43.048883,-75.411185&layer=c&panoid=stqC6kAQrQZCMl4xvp4c7g&cbp=11,140.67,,0,-0.82&t=m&z=19",
    "linkOther": "",
    "linkOtherText": "",
    "imgpath": "/virtualTour/content/mobile/109/0.jpg"
  },
  {
    "id": "57",
    "lat": "43.04958172357909",
    "lng": "-75.40760986113716",
    "name": "Beinecke Student Activities Village",
    "description": "The bright yellow clapboard buildings link the north and south sides of campus via Martin's Way, a red brick path named in honor of Hamilton's 16th president. Beinecke Village, constructed in 1993 and named for Walter Beinecke, Jr., former chairman of the Board of Trustees of Kirkland College and a life trustee of Hamilton, contains the Mail Center, Howard Diner and Fillius Events Barn, as well as lounges and a relaxing winter porch.",
    "link360": "https://www.google.com/maps/views/view/114750777888267481126/gphoto/5978873235929960418?gl=us&heading=243&pitch=80&fovy=75",
    "linkStreetview": "https://www.google.com/maps/@43.0502707,-75.4076671,3a,75y,187.05h,89.98t/data=!3m5!1e1!3m3!1suIik9oGxmRpKruC58BKTVA!2e0!3e5",
    "linkOther": "",
    "linkOtherText": "",
    "imgpath": "/virtualTour/content/mobile/57/0.jpg"
  },
  {
    "id": "63",
    "lat": "43.0507488381702",
    "lng": "-75.40647194093502",
    "name": "Benedict Hall",
    "description": "The gift of Henry Harper Benedict, Class of 1869 and one of the pioneers in the manufacturing and marketing of the typewriter, Benedict Hall, which was erected in 1897, houses classrooms and faculty offices for the Religious Studies Department.",
    "link360": "",
    "linkStreetview": "https://www.google.com/maps/@43.0509188,-75.4062081,3a,75y,226.15h,88.99t/data=!3m5!1e1!3m3!1sHUq4T6NnmKnMlt2aN8CYPQ!2e0!3e5",
    "linkOther": "",
    "linkOtherText": "",
    "imgpath": "/virtualTour/content/mobile/63/0.jpg"
  },
  {
    "id": "81",
    "lat": "43.05259236942498",
    "lng": "-75.40746241016871",
    "name": "Blood Fitness and Dance Center",
    "description": "When it opened in 2006, this state-of-the-art facility tripled the previous space for fitness activities on a campus where approximately 75 percent of students - and many members of the faculty and staff - work out regularly. Included in the building is a large, glass-enclosed aerobic/cardio training area that overlooks Steuben Field; two rooms for resistance and weight-training; a three-story, 39-foot climbing wall; a dance studio that can be transformed in 10 minutes from a working studio to performance space; and a multipurpose room. Spinning classes are held on bikes located on the second level cardio mezzanine overlooking the main aerobic/cardio area.",
    "link360": "https://www.google.com/maps/views/view/114750777888267481126/gphoto/5978882022214312898?gl=us&heading=312&pitch=91&fovy=75",
    "linkStreetview": "https://maps.google.com/maps?ll=43.0527303,-75.4079846&spn=0.18,0.3&cbll=43.0527303,-75.4079846&layer=c&panoid=NEarMCAuHRDXKNfBo1BXUg&cbp=,81.46,,0,-0.9599991&output=classic&dg=ntvb",
    "linkOther": "http://www.hamilton.edu/athletics",
    "linkOtherText": "Hamilton Athletics",
    "imgpath": "/virtualTour/content/mobile/81/0.jpg"
  },
  {
    "id": "95",
    "lat": "43.05330532830214",
    "lng": "-75.40802147425403",
    "name": "Bristol Swimming Pool",
    "description": "The award-winning Bristol Pool is an eight-lane 'stretch' pool with a moveable bulkhead permitting separation into diving and swimming areas. It provides Hamilton with modern aquatic facilities that meet intercollegiate standards for competition and the needs of casual swimmers. The pool was the site of a successful world-record swim relay and has hosted several men's and women's New York State championships. It is named for the son of the Hamilton graduate who co-founded the Bristol-Myers Squibb Co",
    "link360": "https://www.google.com/maps/views/view/114750777888267481126/gphoto/5978877402583713714?gl=us&heading=278&pitch=83&fovy=75",
    "linkStreetview": "",
    "linkOther": "",
    "linkOtherText": "",
    "imgpath": "/virtualTour/content/mobile/95/0.jpg"
  },
  {
    "id": "111",
    "lat": "43.05066633202846",
    "lng": "-75.40760177683266",
    "name": "Bronze Map",
    "description": "The bronze map provides a pictorial representation of Hamilton College in 1994. It was installed as part of the construction of Martin's Way, the major north-south pathway on campus.",
    "link360": "",
    "linkStreetview": "https://www.google.com/maps/@43.0506093,-75.4076171,3a,75y,33.95h,93.05t/data=!3m5!1e1!3m3!1selcIUHHYXI2Zp5KS_RRn2w!2e0!3e5",
    "linkOther": "",
    "linkOtherText": "",
    "imgpath": "/virtualTour/content/mobile/111/0.jpg"
  },
  {
    "id": "35",
    "lat": "43.04900248680322",
    "lng": "-75.40155899265498",
    "name": "Bundy Dining Hall",
    "description": "Bundy Dining Hall provides space for large social gatherings and special events. It no longer serves as a student dining facility, but is used by the College's food service provider for catering purposes.",
    "link360": "",
    "linkStreetview": "https://www.google.com/maps/@43.0487037,-75.4021193,3a,75y,45.64h,76.29t/data=!3m5!1e1!3m3!1sVvA-X0t4jq-fMWYscdx6_A!2e0!3e5",
    "linkOther": "",
    "linkOtherText": "",
    "imgpath": "/virtualTour/content/mobile/35/0.jpg"
  },
  {
    "id": "36",
    "lat": "43.04897755694243",
    "lng": "-75.40260320556219",
    "name": "Bundy East and West Residence Halls",
    "description": "The two buildings in the Bundy complex (Bundy East and Bundy West) are similar in structure and have singles and doubles. There are two apartments in each building for 4 people each, complete with kitchen, bathroom and common room.  Both buildings have lounges, a recreation area and laundry facilities. The rooms in these buildings are offered to sophomores, juniors and seniors and are coed by room.",
    "link360": "",
    "linkStreetview": "https://www.google.com/maps/@43.0493992,-75.4031795,3a,75y,129.26h,93.03t/data=!3m5!1e1!3m3!1sbF2joIdcRh21UxBEO1zWbA!2e0!3e5",
    "linkOther": "",
    "linkOtherText": "",
    "imgpath": "/virtualTour/content/mobile/36/0.jpg"
  },
  {
    "id": "85",
    "lat": "43.05350731957917",
    "lng": "-75.40588143911356",
    "name": "Burke Library",
    "description": "Within the 80,000-square-foot library are the All-Night Reading Room, Information Commons, Multimedia Presentation Center, Rare Book Room, Special Collections and the College Archives. Including the holdings of the Music Library, Media Library and Fillius Jazz Archive, the library owns approximately 650,000 volumes. The Daniel Burke Library, completed in 1972, is named for a member of the Class of 1893 who was for many years chairman of the Board of Trustees.",
    "link360": "https://www.google.com/maps/views/view/114750777888267481126/gphoto/5978871194052937378?gl=us&heading=67&pitch=86&fovy=75",
    "linkStreetview": "https://www.google.com/maps/@43.053093,-75.4057339,3a,75y,347.38h,88.98t/data=!3m5!1e1!3m3!1soMRfagByGwMxtkXHFV5eVA!2e0!3e5",
    "linkOther": "",
    "linkOtherText": "",
    "imgpath": "/virtualTour/content/mobile/85/0.jpg"
  },
  {
    "id": "68",
    "lat": "43.05151162317244",
    "lng": "-75.40665620254339",
    "name": "Buttrick Hall",
    "description": "Originally built in 1812 as the student dining hall, Buttrick Hall is as old as the College itself. In 1834 it became the home of Horatio Buttrick, then superintendent of the Buildings and Grounds Department as well as registrar. Through Oren Root's marriage to a daughter of Horatio Buttrick, the building became the birthplace of Elihu Root, U.S. secretary of state and recipient of the Nobel Peace Prize. It has served as Hamilton's administrative headquarters since 1926.",
    "link360": "",
    "linkStreetview": "https://maps.google.com/maps?ll=43.051355,-75.406484&spn=0.614654,0.6633&cbll=43.051355,-75.406484&layer=c&panoid=CsELc6gDVdGXEUX3DHTttw&cbp=12,317.54,,0,4.22&t=m&z=11",
    "linkOther": "",
    "linkOtherText": "",
    "imgpath": "/virtualTour/content/mobile/68/0.jpg"
  },
  {
    "id": "88",
    "lat": "43.05555594251731",
    "lng": "-75.40439935617489",
    "name": "Campus Road Athletic Fields",
    "description": "This facility provides a lighted artificial turf field used by varsity field hockey and lacrosse, and club and intramural athletic events. The lighted natural grass fields behind the turf surface are used primarily for varsity football practices. ",
    "link360": "",
    "linkStreetview": "https://www.google.com/maps/@43.054991,-75.4049354,3a,75y,37.1h,87.59t/data=!3m5!1e1!3m3!1sCoI2Iw8pekt0a4rMBwHUWw!2e0!3e5",
    "linkOther": "",
    "linkOtherText": "",
    "imgpath": "/virtualTour/content/mobile/88/0.jpg"
  },
  {
    "id": "77",
    "lat": "43.05108840244424",
    "lng": "-75.40870604053202",
    "name": "Campus Safety Office",
    "description": "The Campus Safety Office provides services 24 hours a day by personnel who are an integral part of developing and maintaining a safe campus. The office is open from 7:30 a.m. - 11:30 p.m., seven days a week. From 11:30 p.m. - 7:30 a.m., a campus safety communication center is available on the first floor of the Bristol Center.",
    "link360": "",
    "linkStreetview": "https://www.google.com/maps/@43.0513733,-75.4088017,3a,75y,154.71h,84.19t/data=!3m5!1e1!3m3!1sgYiII1RErwmapom9PTi3ZQ!2e0!3e5",
    "linkOther": "",
    "linkOtherText": "",
    "imgpath": "/virtualTour/content/mobile/77/0.jpg"
  },
  {
    "id": "83",
    "lat": "43.05278157840084",
    "lng": "-75.40649421124549",
    "name": "Carnegie Residence Hall",
    "description": "Carnegie is located in the main quad area on the north side of campus. Carnegie contains doubles and two-room quads. Each room opens into a large central study room with natural hardwood floors and wood paneling on the walls. Carnegie also contains a spacious lounge, study lounge, recreation room, laundry room and kitchen area.",
    "link360": "",
    "linkStreetview": "https://www.google.com/maps/@43.0527688,-75.4062324,3a,90y,280.79h,101.51t/data=!3m5!1e1!3m3!1s4cCCM5Sm_SxeCas7Irf_Bg!2e0!3e5",
    "linkOther": "",
    "linkOtherText": "",
    "imgpath": "/virtualTour/content/mobile/83/0.jpg"
  },
  {
    "id": "186",
    "lat": "43.04990087217072",
    "lng": "-75.40602619568297",
    "name": "Carriage House",
    "description": "The Carriage House serves as office space for the Administration and Finance department.",
    "link360": "",
    "linkStreetview": "https://www.google.com/maps/@43.0497553,-75.4059886,3a,90y,352.93h,91.11t/data=!3m5!1e1!3m3!1s4IHe8pi89O7q0r8GtBdjJQ!2e0!3e5",
    "linkOther": "",
    "linkOtherText": "",
    "imgpath": "/virtualTour/content/mobile/186/0.jpg"
  },
  {
    "id": "173",
    "lat": "43.052294",
    "lng": "-75.4028",
    "name": "Cemetery",
    "description": "Many legendary Hamilton professors, presidents and other College dignitaries have found their final resting place on this two-acre plot. Among them are Samuel Kirkland, the College's founder; Oneida Indian Chief Skenandoa; and Nobel Peace Prize winner Elihu Root, Class of 1864.",
    "link360": "",
    "linkStreetview": "https://www.google.com/maps/@43.0521775,-75.4046343,3a,90y,89.81h,85.44t/data=!3m5!1e1!3m3!1sqTSAm-rg4LEcqw0jDeZS8Q!2e0!3e5",
    "linkOther": "",
    "linkOtherText": "",
    "imgpath": "/virtualTour/content/mobile/173/0.jpg"
  },
  {
    "id": "69",
    "lat": "43.0519749853076",
    "lng": "-75.40575788188772",
    "name": "Chapel",
    "description": "Designed by architect Philip Hooker and completed in 1827, the Chapel is thought to be the only remaining example of an early three-story church in America. Restored in 1949 as a World War II memorial, it is Hamilton's most notable landmark. The Chapel is frequently used for religious services, public lectures, concerts and assemblies. The third floor provides office and meeting space for the campus chaplaincy and the Community Outreach & Opportunity Project (COOP). The chapel space also contains a Muslim Prayer Room, a Meditation Room, and a library of books and videos from various religious and spiritual traditions.",
    "link360": "https://www.google.com/maps/views/view/114750777888267481126/gphoto/5978878784727072418?gl=us&heading=276&pitch=91&fovy=51",
    "linkStreetview": "https://www.google.com/maps/@43.0519934,-75.4053873,3a,90y,140.36h,114.18t/data=!3m5!1e1!3m3!1sLaC6Au5TtnaKmi-KONFfnw!2e0!3e5",
    "linkOther": "",
    "linkOtherText": "",
    "imgpath": "/virtualTour/content/mobile/69/0.jpg"
  },
  {
    "id": "80",
    "lat": "43.0519213981126",
    "lng": "-75.40704057405135",
    "name": "Christian A. Johnson Hall",
    "description": "The former College library (1914-1972) was renovated and rededicated as Christian A. Johnson Hall in 1982. It houses the Quantitative & Symbolic Reasoning Center (QSR), Digital Humanities Initiative (DHi), Language Center, media library and classrooms and faculty offices for the Critical Languages and East Asian Languages programs and the departments of French, German and Russian Languages, Hispanic Studies and Mathematics.",
    "link360": "",
    "linkStreetview": "https://www.google.com/maps/@43.0519352,-75.4065899,3a,90y,278.09h,90.19t/data=!3m5!1e1!3m3!1sfNUnUrVyebjtlA983hwveg!2e0!3e5",
    "linkOther": "",
    "linkOtherText": "",
    "imgpath": "/virtualTour/content/mobile/80/0.jpg"
  },
  {
    "id": "181",
    "lat": "43.05458483975838",
    "lng": "-75.40254122709848",
    "name": "Community Garden",
    "description": "The Community Garden and the 1812 Garden are located behind Woollcott House, and provide an area for the campus community to grow plants and vegetables.  Several classes make use of the garden space for research projects.",
    "link360": "",
    "linkStreetview": "",
    "linkOther": "",
    "linkOtherText": "",
    "imgpath": "/virtualTour/content/mobile/181/0.jpg"
  },
  {
    "id": "61",
    "lat": "43.05069248113186",
    "lng": "-75.4057247649137",
    "name": "Couper Hall",
    "description": "Constructed in 1889 and rededicated in 1992 in memory of Edgar W. Couper, Class of 1920, Couper Hall originally served as the College YMCA building. It contains classrooms and offices for the Classics Department and Women's Studies Program.",
    "link360": "",
    "linkStreetview": "https://www.google.com/maps/@43.050367,-75.4053413,3a,75y,329.76h,89.29t/data=!3m4!1e1!3m2!1sZGpeyKUmapy03INoz1QcqQ!2e0",
    "linkOther": "",
    "linkOtherText": "",
    "imgpath": "/virtualTour/content/mobile/61/0.jpg"
  },
  {
    "id": "76",
    "lat": "43.05092730328227",
    "lng": "-75.40891010711989",
    "name": "Days-Massolo Center",
    "description": "The Days-Massolo Center promotes diversity awareness and fosters dialogue among the many cultures present on campus. The first floor includes a large gathering space, study space, a fully equipped kitchen and an office for the College's chief diversity officer. The Womyn's Center and two offices are located on the second floor. The building is named for trustees Drew S. Days III and Arthur J. Massolo.",
    "link360": "",
    "linkStreetview": "https://www.google.com/maps/@43.0506516,-75.4088422,3a,75y,0.61h,84.19t/data=!3m4!1e1!3m2!1sIzx-MdL1Eq0ozDFU9LMV2w!2e0",
    "linkOther": "",
    "linkOtherText": "",
    "imgpath": "/virtualTour/content/mobile/76/0.jpg"
  },
  {
    "id": "78",
    "lat": "43.0516852323209",
    "lng": "-75.40853932370695",
    "name": "Dunham Residence Hall",
    "description": "Dunham is the largest residence hall on campus with first year students occupying the basement, 1st and 2nd floors and sophomore, junior and senior students on the 3rd floor. Dunham has space for 252 students and consists of singles (3rd floor only), doubles and quads.  It is single-sex by wing, with the exception of the basement, which is co-ed by room. ",
    "link360": "",
    "linkStreetview": "https://www.google.com/maps/@43.0516143,-75.4078157,3a,90y,262.56h,84.07t/data=!3m5!1e1!3m3!1sg-b2VHXQiBUuLnZMaA5mFA!2e0!3e5",
    "linkOther": "",
    "linkOtherText": "",
    "imgpath": "/virtualTour/content/mobile/78/0.jpg"
  },
  {
    "id": "72",
    "lat": "43.05298825855619",
    "lng": "-75.40399421565682",
    "name": "Eells House",
    "description": "Eells House accommodates sophomores, juniors and seniors in single, double and triple rooms. The building features a large, wood-paneled living room, lounges and a laundry room.",
    "link360": "",
    "linkStreetview": "https://www.google.com/maps/@43.0530699,-75.4044721,3a,75y,99.03h,91.81t/data=!3m5!1e1!3m3!1s3wY10B_CDpJvSYSOs0mF6Q!2e0!3e5",
    "linkOther": "",
    "linkOtherText": "",
    "imgpath": "/virtualTour/content/mobile/72/0.jpg"
  },
  {
    "id": "39",
    "lat": "43.04980523303692",
    "lng": "-75.40461251739603",
    "name": "Elihu Root House",
    "description": "Built in 1817 for Theodore Strong, Hamilton's first professor of mathematics, this structure has served as the home of College presidents and faculty members. The house was extensively remodeled after it was purchased by Elihu Root as a summer home in 1893, and was occupied after 1937 by his daughter, Edith Root Grant, and her husband, Ulysses S. Grant III, grandson of the president. A National Historic Landmark, it was acquired by the College in 1979. It currently houses offices for the dean of students, registrar and residential life.",
    "link360": "",
    "linkStreetview": "https://maps.google.com/maps?ll=43.050306,-75.404636&spn=0.002409,0.002591&cbll=43.050331,-75.404783&layer=c&panoid=fL-TS7GqHbDZ1qlFWzHUbw&cbp=12,169.02,,1,-3.16&t=m&z=19",
    "linkOther": "",
    "linkOtherText": "",
    "imgpath": "/virtualTour/content/mobile/39/0.jpg"
  },
  {
    "id": "185",
    "lat": "43.04941717164474",
    "lng": "-75.40491467590127",
    "name": "Faculty Artist Studio",
    "description": "This bright, airy building serves as a painting studio and demonstration space for a professor in the Art Department.",
    "link360": "",
    "linkStreetview": "",
    "linkOther": "",
    "linkOtherText": "",
    "imgpath": "/virtualTour/content/mobile/185/0.jpg"
  },
  {
    "id": "73",
    "lat": "43.05373548661731",
    "lng": "-75.40382925638845",
    "name": "Ferguson House",
    "description": "The rooms in Ferguson are offered to sophomores, juniors and seniors and include singles, doubles and a quad. The house is complete with a kitchen, dining room, lounge, study room, game room, laundry room and porch.",
    "link360": "",
    "linkStreetview": "https://www.google.com/maps/@43.0537817,-75.4042617,3a,90y,96.43h,90.53t/data=!3m5!1e1!3m3!1sbZxMagiVqNAKrCf2yf0HqQ!2e0!3e5",
    "linkOther": "",
    "linkOtherText": "",
    "imgpath": "/virtualTour/content/mobile/73/0.jpg"
  },
  {
    "id": "102",
    "lat": "43.05365016609358",
    "lng": "-75.41165381993744",
    "name": "Ferguson Intramural Fields",
    "description": "The Hamilton softball diamond was created from the Ferguson Intramural Field in 1993 and renovated in 1998. It is home to the Continental softball team in the spring and sees intramural softball action in the fall.",
    "link360": "",
    "linkStreetview": "https://www.google.com/maps/@43.0530792,-75.4120902,3a,90y,33.1h,84.69t/data=!3m5!1e1!3m3!1sBbIUWk0g4eabhPJv2IOT8w!2e0!3e5",
    "linkOther": "",
    "linkOtherText": "",
    "imgpath": "/virtualTour/content/mobile/102/0.jpg"
  },
  {
    "id": "54",
    "lat": "43.04932719227598",
    "lng": "-75.406216269479",
    "name": "Glen House (Outdoor Leadership Center)",
    "description": "Formerly a private residence, the Glen House was refurbished in 2006 and is home to the Outdoor Leadership Center. Hamilton offers numerous outdoor programs that take advantage of its close proximity to the Adirondack Park. In addition to the Outing Club and the Adirondack Adventure pre-orientation program, the building serves the Alpine Ski Team, Nordic Ski Club and Bike Co-op.",
    "link360": "",
    "linkStreetview": "https://www.google.com/maps/@43.0497744,-75.4061821,3a,75y,185.28h,90.12t/data=!3m5!1e1!3m3!1sz11PmkLTKgD7NuCeQj7mog!2e0!3e5",
    "linkOther": "",
    "linkOtherText": "",
    "imgpath": "/virtualTour/content/mobile/54/0.jpg"
  },
  {
    "id": "100",
    "lat": "43.05440962885287",
    "lng": "-75.40910415450264",
    "name": "Gray Tennis Courts",
    "description": "The Gray Tennis Courts, located behind the Margaret Bundy Scott Field House, are home to the men's and women's varsity tennis teams. The nine all-weather courts are open for recreational use throughout the year.",
    "link360": "",
    "linkStreetview": "",
    "linkOther": "",
    "linkOtherText": "",
    "imgpath": "/virtualTour/content/mobile/100/0.jpg"
  },
  {
    "id": "104",
    "lat": "43.05378154946497",
    "lng": "-75.41527922246446",
    "name": "Griffin Road Apartments",
    "description": "This townhouse apartment complex is located on Griffin Road across from the Tompkins Golf Course. The three buildings consist of 12 apartments with three or four students in each unit. These apartments contain a small kitchen, a patio, bedrooms and a large living area.",
    "link360": "",
    "linkStreetview": "https://www.google.com/maps/@43.0537821,-75.4153729,3a,90y,66.74h,88.96t/data=!3m5!1e1!3m3!1smlBKMmSq3Q23J_NZqicLuw!2e0!3e5",
    "linkOther": "",
    "linkOtherText": "",
    "imgpath": "/virtualTour/content/mobile/104/0.jpg"
  },
  {
    "id": "47",
    "lat": "43.04697684105771",
    "lng": "-75.40890571199577",
    "name": "Keehn Residence Hall",
    "description": "Keehn is located in a cluster of residence halls near the Kirkland Glen on the south side of campus. The residence hall consists of only double rooms and is occupied by first year students. This residence hall has lounge areas on the second and third floors equipped with a kitchenette and some furniture. The main lounges on the first floor are larger and include television and furniture. In addition, laundry facilities and a full kitchen are located on the first floor.",
    "link360": "",
    "linkStreetview": "https://www.google.com/maps/@43.0472065,-75.4092764,3a,90y,121.68h,83.02t/data=!3m5!1e1!3m3!1sbAhkXMTHcaO3FHOx-3Z-_w!2e0!3e5",
    "linkOther": "",
    "linkOtherText": "",
    "imgpath": "/virtualTour/content/mobile/47/0.jpg"
  },
  {
    "id": "193",
    "lat": "43.049594",
    "lng": "-75.409745",
    "name": "Kevin and Karen Kennedy Center for Theatre and the Studio Arts",
    "description": "Opened in 2014, The Kevin and Karen Kennedy Center for Theatre and the Studio Arts is designed not only to develop the talents of students who major in and plan careers in these fields, but also to integrate creative work and performance fully into life and learning at Hamilton. Core areas in the building are the common spaces: large classrooms and an exhibition area where students display their work. Studios and workshops are designed for painting, printmaking, sculpture, woodworking, metals and ceramics, photography and other media, while the interdisciplinary digital arts suite provides space for video artists to collaborate with musicians, dancers, actors, poets, mathematicians, scientists and others. The fully equipped and flexible 175-seat Romano Theatre, with dressing rooms, a costume shop and support spaces, accommodates a range of productions, while the smaller Barrett Theatre is a laboratory space ideal for senior projects, class projects and guest artists. The center is named in honor of Kevin Kennedy '70, former chairman of the Board of Trustees, and his wife, Karen. Both are collectors of art and longtime supporters of the performing and visual arts at Hamilton.",
    "link360": "https://www.google.com/maps/views/view/114750777888267481126/gphoto/6065215576884268258?gl=us&heading=43&pitch=87&fovy=75",
    "linkStreetview": "",
    "linkOther": "",
    "linkOtherText": "",
    "imgpath": "/virtualTour/content/mobile/193/0.jpg"
  },
  {
    "id": "67",
    "lat": "43.05131224019335",
    "lng": "-75.40667452905377",
    "name": "Kirkland Cottage",
    "description": "The Kirkland Cottage is the oldest building on the Hamilton campus. Constructed in 1792 as the home of Samuel Kirkland, founder of the Hamilton-Oneida Academy, which later became Hamilton College, the building was moved from the foot of College Hill to its present site and later restored. The cottage is used by the senior honorary society, Pentagon, for its meetings, and for the matriculation of the first-year class.",
    "link360": "",
    "linkStreetview": "https://www.google.com/maps/@43.0512622,-75.4065105,3a,75y,312.5h,91.19t/data=!3m5!1e1!3m3!1sMzUE_2PR-AjaWCccIRDh1A!2e0!3e5",
    "linkOther": "",
    "linkOtherText": "",
    "imgpath": "/virtualTour/content/mobile/67/0.jpg"
  },
  {
    "id": "192",
    "lat": "43.048964",
    "lng": "-75.408808",
    "name": "Kirkland Gate",
    "description": "Created in 2002 by sculptor Jon von Bergen '63, along with assistance of Ava Bromberg '02, the Kirkland College Gate is adorned with leaves and the green apple symbol so closely associated with the women's college that operated on the Hill from 1968 until its merger with Hamilton a decade later. ",
    "link360": "",
    "linkStreetview": "https://maps.google.com/maps?ll=43.049155,-75.408935&spn=0.614674,0.826035&cbll=43.049155,-75.408935&layer=c&panoid=C4jZRa0Vd2FRtWI8puqS8g&cbp=12,143.37,,0,0.71&t=m&z=11",
    "linkOther": "",
    "linkOtherText": "",
    "imgpath": "/virtualTour/content/mobile/192/0.jpg"
  },
  {
    "id": "108",
    "lat": "43.04552303142677",
    "lng": "-75.40945707338049",
    "name": "Kirkland Glen (High and Low Ropes Courses)",
    "description": "Contained within the Kirkland Glen are the Class of '96 Ropes Course and the D'Agostino Forest. Several miles of nature trails are used throughout the year for walking, biking, running, cross-country skiing and snowshoeing.",
    "link360": "",
    "linkStreetview": "",
    "linkOther": "",
    "linkOtherText": "",
    "imgpath": "/virtualTour/content/mobile/108/0.jpg"
  },
  {
    "id": "70",
    "lat": "43.05242190299012",
    "lng": "-75.40562178859636",
    "name": "Kirkland Residence Hall",
    "description": "Kirkland overlooks the main quad on the north side of campus. The fourth floor has four loft-style apartments with full kitchens, a living room and bathroom. The first three floors consist of singles and doubles.",
    "link360": "",
    "linkStreetview": "https://www.google.com/maps/@43.052183,-75.4058875,3a,90y,31.84h,92.17t/data=!3m5!1e1!3m3!1skYyPi5iJjVdrcWBkxot1oQ!2e0!3e5",
    "linkOther": "",
    "linkOtherText": "",
    "imgpath": "/virtualTour/content/mobile/70/0.jpg"
  },
  {
    "id": "51",
    "lat": "43.04838517508978",
    "lng": "-75.40956813847701",
    "name": "Kirner-Johnson Building (KJ)",
    "description": "KJ, as it is often called, is home to the social science departments, including government, economics, history, sociology and anthropology. These connected buildings, which underwent extensive renovation and expansion in 2009, are home to the Arthur Levitt Public Affairs Center, the Nesbitt-Johnston Writing Center and the Oral Communications Center. Originally constructed in 1968 for Kirkland College, Kirner Building is named in honor of Juvanta H. and Walter R. Kirner, and the adjacent Johnson Building is named for Virgil E. Johnson. The facility features large, flexible classrooms and common areas, and the latest technology. The building earned gold certification from LEED, the nation's preeminent program for the design, construction and operation of high performance green buildings.",
    "link360": "https://www.google.com/maps/views/view/114750777888267481126/gphoto/6026648194037058002?gl=us&heading=264&pitch=72&fovy=75",
    "linkStreetview": "https://www.google.com/maps/@43.0489301,-75.4087343,3a,90y,224.2h,83.49t/data=!3m5!1e1!3m3!1snzabYGaWdpCF8p5LJtuSjA!2e0!3e5",
    "linkOther": "",
    "linkOtherText": "",
    "imgpath": "/virtualTour/content/mobile/51/0.jpg"
  },
  {
    "id": "49",
    "lat": "43.04765374166856",
    "lng": "-75.4092231",
    "name": "List Art Center",
    "description": "The Vera G. and Albert A. List Art Center houses practice rooms for music and faculty offices.",
    "link360": "",
    "linkStreetview": "https://maps.google.com/maps?ll=43.047314,-75.40947&spn=0.614695,0.826035&cbll=43.047597,-75.409182&layer=c&panoid=EKD6zJeGPriUYxdaUa-OPg&cbp=12,274.45,,0,9.16&t=m&z=11",
    "linkOther": "",
    "linkOtherText": "",
    "imgpath": "/virtualTour/content/mobile/49/0.jpg"
  },
  {
    "id": "58",
    "lat": "43.04972515180461",
    "lng": "-75.40698860742327",
    "name": "Little Pub",
    "description": "Located adjacent to Beinecke Student Activities Village, this restored horse stable and carriage barn contains a game room, bar, dance floor, fireplace room and other spaces for informal social gatherings.",
    "link360": "https://www.google.com/maps/views/view/114750777888267481126/gphoto/5978872600463291570?gl=us&heading=179&pitch=82&fovy=75",
    "linkStreetview": "https://www.google.com/maps/@43.0498772,-75.407125,3a,90y,166.74h,89.15t/data=!3m5!1e1!3m3!1sV9bNRGyDij_E_tSlS1O1Dg!2e0!3e5",
    "linkOther": "",
    "linkOtherText": "",
    "imgpath": "/virtualTour/content/mobile/58/0.jpg"
  },
  {
    "id": "99",
    "lat": "43.05470134259849",
    "lng": "-75.40832155699235",
    "name": "Little Squash Center",
    "description": "Opened in 2006, the Little Squash Center is one of the finest facilities of its kind in the country. It features 10 regulation-size courts, including two with exhibition gallery seating.",
    "link360": "",
    "linkStreetview": "https://www.google.com/maps/@43.0549428,-75.407975,3a,75y,215.64h,84.75t/data=!3m5!1e1!3m3!1sCEuEhzllsBrky4S_UuUHjA!2e0!3e5",
    "linkOther": "",
    "linkOtherText": "",
    "imgpath": "/virtualTour/content/mobile/99/0.jpg"
  },
  {
    "id": "92",
    "lat": "43.05280473912382",
    "lng": "-75.41031285483587",
    "name": "Love Field-Pritchard Track",
    "description": "Love Field is a natural-grass facility that includes the eight-lane, all-weather Pritchard Track. The field is used for men's and women's varsity soccer events, including NCAA tournament games and the women's Liberty League championships. A new scoreboard was erected at the north end of the field in 2005.",
    "link360": "",
    "linkStreetview": "https://maps.google.com/maps?ll=43.052544,-75.409024&spn=0.002409,0.003227&cbll=43.052561,-75.40904&layer=c&panoid=UIY7m1bnM41yD0ZHmKR_uA&cbp=12,300.99,,0,-4.14&t=m&z=19",
    "linkOther": "",
    "linkOtherText": "",
    "imgpath": "/virtualTour/content/mobile/92/0.jpg"
  },
  {
    "id": "44",
    "lat": "43.04646216104072",
    "lng": "-75.40918129602483",
    "name": "Major Residence Hall",
    "description": "Major is located in a cluster of residence halls near the Kirkland Glen on the south side of campus. The residence hall consists of only double rooms and is occupied by first year students. This residence hall has lounge areas on the second and third floors equipped with a kitchenette and some furniture. The main lounges on the first floor are larger and include television and furniture. In addition, laundry facilities and a full kitchen are located on the first floor.",
    "link360": "",
    "linkStreetview": "https://www.google.com/maps/@43.0466739,-75.4092989,3a,90y,210.01h,90.63t/data=!3m5!1e1!3m3!1syLyhKbjSb3kNxQTUvr4xVA!2e0!3e5",
    "linkOther": "",
    "linkOtherText": "",
    "imgpath": "/virtualTour/content/mobile/44/0.jpg"
  },
  {
    "id": "43",
    "lat": "43.04644074819944",
    "lng": "-75.41136333095247",
    "name": "Mason Field",
    "description": "Mason Field is an all-natural grass field located on the South Campus adjacent to the Kirkland Glen. The field is used as practice space for the women's soccer team and hosts a variety of intramural activities.",
    "link360": "",
    "linkStreetview": "https://www.google.com/maps/@43.0467078,-75.4099581,3a,65.7y,267.8h,83.65t/data=!3m5!1e1!3m3!1sw9aIKEhuiamB-zFgHabW3w!2e0!3e5",
    "linkOther": "",
    "linkOtherText": "",
    "imgpath": "/virtualTour/content/mobile/43/0.jpg"
  },
  {
    "id": "50",
    "lat": "43.04832433821756",
    "lng": "-75.40884298965618",
    "name": "McEwen Hall",
    "description": "Named for Robert Ward McEwen, 14th president of Hamilton College, McEwen Hall houses dining facilities, the CafÃ© Opus coffeehouse, the Fillius Jazz Archive, a cinema lab, classrooms, music practice rooms and offices for faculty members.",
    "link360": "https://www.google.com/maps/@43.0480351,-75.408923,3a,90y,60.79h,76.73t/data=!3m5!1e1!3m3!1sxeU2W2aJwlMAAAQXIXPgvw!2e0!3e11",
    "linkStreetview": "https://www.google.com/maps/@43.0485196,-75.4090531,3a,90y,162.07h,77.61t/data=!3m5!1e1!3m3!1sBXn27WZ7EkOE3FA5gN56lg!2e0!3e5",
    "linkOther": "",
    "linkOtherText": "",
    "imgpath": "/virtualTour/content/mobile/50/0.jpg"
  },
  {
    "id": "45",
    "lat": "43.04676753391799",
    "lng": "-75.40940065498882",
    "name": "McIntosh Residence Hall",
    "description": "McIntosh is located in a cluster of residence halls near the Kirkland Glen on the south side of campus. It includes single and double rooms, as well as a two-bedroom single-sex or coed apartment for four students. McIntosh has lounge areas on the second and third floors equipped with a kitchenette and furniture. The main lounge on the first floor is larger and includes cable TV and furniture. In addition, laundry facilities and a kitchenette are located on the first floor.",
    "link360": "",
    "linkStreetview": "https://maps.google.com/maps?ll=43.046908,-75.409423&spn=0.6147,0.826035&cbll=43.046908,-75.409423&layer=c&panoid=Kc1DM_1P2NZO977mPyh-IQ&cbp=12,133.78,,0,-2.24&t=m&z=11",
    "linkOther": "",
    "linkOtherText": "",
    "imgpath": "/virtualTour/content/mobile/45/0.jpg"
  },
  {
    "id": "52",
    "lat": "43.04877332613827",
    "lng": "-75.40998654834256",
    "name": "Milbank Residence Hall",
    "description": "Milbank is comprised of single and double suites. Each has a common area, a kitchen and a bathroom shared with another suite. The building features a two-bedroom apartment for four students on the first floor. In addition, Milbank has multiple rooms with laundry facilities and a central lounge.",
    "link360": "",
    "linkStreetview": "https://maps.google.com/maps?ll=43.049204,-75.4101&spn=0.002409,0.002591&cbll=43.049154,-75.410224&layer=c&panoid=JjN1lk7yyG6rCHQCYq_W7A&cbp=12,156.69,,0,11.38&t=m&z=19",
    "linkOther": "",
    "linkOtherText": "",
    "imgpath": "/virtualTour/content/mobile/52/0.jpg"
  },
  {
    "id": "46",
    "lat": "43.04706428828057",
    "lng": "-75.40962227201068",
    "name": "Minor Residence Hall",
    "description": "Minor is located in a cluster of residence halls near the Kirkland Glen on the south side of campus. It includes single and double rooms, as well as a two-bedroom single-sex or coed apartment for four students. Minor has lounge areas on the second and third floors equipped with a kitchenette and furniture. The main lounge on the first floor is larger and includes cable TV and furniture. In addition, laundry facilities and a kitchenette are located on the first floor.",
    "link360": "",
    "linkStreetview": "https://maps.google.com/maps?ll=43.047252,-75.409555&spn=0.038544,0.051627&cbll=43.047234,-75.409443&layer=c&panoid=nY9QeM7nv1CIY1OdxKN2xA&cbp=12,218.08,,0,-0.22&t=m&z=15",
    "linkOther": "",
    "linkOtherText": "",
    "imgpath": "/virtualTour/content/mobile/46/0.jpg"
  },
  {
    "id": "71",
    "lat": "43.05255559852746",
    "lng": "-75.40419639125804",
    "name": "Minor Theater",
    "description": "Originally Hamilton's first library (1872-1914) and later the College infirmary, this building served as a theatre from 1962 until it closed in 2014. Renovations are currently under way to transform the building into a student residence hall scheduled to open in the fall of 2015.",
    "link360": "",
    "linkStreetview": "https://www.google.com/maps/@43.0525546,-75.4045777,3a,75y,82.56h,90.07t/data=!3m5!1e1!3m3!1sv5VFdKjfkh59ILERqLOWIw!2e0!3e5",
    "linkOther": "",
    "linkOtherText": "",
    "imgpath": "/virtualTour/content/mobile/71/0.jpg"
  },
  {
    "id": "89",
    "lat": "43.05030338057141",
    "lng": "-75.41011852413919",
    "name": "Molly Root House",
    "description": "Designed in 1915, the former family home of Molly and Elihu Root III '36 became home to the Art History Department in 2006. The building features two first-floor classrooms, a seminar room, conference room, slide library student research areas and faculty offices.",
    "link360": "",
    "linkStreetview": "https://www.google.com/maps/@43.0507333,-75.409867,3a,75y,190.88h,80.98t/data=!3m4!1e1!3m2!1smxgNMChlv4s-EPg9RvjTGQ!2e0",
    "linkOther": "",
    "linkOtherText": "",
    "imgpath": "/virtualTour/content/mobile/89/0.jpg"
  },
  {
    "id": "84",
    "lat": "43.05292793529696",
    "lng": "-75.4055289642406",
    "name": "North Residence Hall",
    "description": "North is located in the main quad on the north side of campus. It includes doubles and triples and is a residence hall for first year students. The first and third floors house male students, while the second and fourth floors are reserved for women. The basement includes a small lounge with couches, a TV, a kitchenette, laundry facilities and a main lounge with furniture.",
    "link360": "",
    "linkStreetview": "https://www.google.com/maps/@43.0527329,-75.4057007,3a,90y,39.7h,86.42t/data=!3m5!1e1!3m3!1sU8Pg-SfG-R5G7Kvs_1um6g!2e0!3e5",
    "linkOther": "",
    "linkOtherText": "",
    "imgpath": "/virtualTour/content/mobile/84/0.jpg"
  },
  {
    "id": "86",
    "lat": "43.05383590958758",
    "lng": "-75.40514485409628",
    "name": "Office of Admission and Financial Aid - Siuda House",
    "description": "Built in 1917 as home to the Sigma Phi fraternity, the building was remodeled and expanded in 2007 for the Office of Admission and Financial Aid. Special attention was paid to the many historic elements of the building, which are painstakingly preserved. Named in honor of Joy and Chet Siuda â€™70, a College trustee, the building provides a gracious and elegant welcome to prospective students and their families.",
    "link360": "",
    "linkStreetview": "https://www.google.com/maps/@43.0535352,-75.4051214,3a,90y,356.2h,90.17t/data=!3m5!1e1!3m3!1sMme7HcrdbvvbJZtMQ1NUSg!2e0!3e5",
    "linkOther": "",
    "linkOtherText": "",
    "imgpath": "/virtualTour/content/mobile/86/0.jpg"
  },
  {
    "id": "103",
    "lat": "43.05030228067572",
    "lng": "-75.41415811598354",
    "name": "Peters Observatory",
    "description": "Built in 1975 and named for Christian Henry Frederic Peters, who in came to Hamilton in 1858 as the first faculty member to hold a Ph.D., the observatory houses an 11 1/4' Maksutov telescope and several smaller telescopes. A building next to the observatory provides workspace for students enrolled in astronomy courses. This structure is heated by solar energy and designed to permit experiments in this field. The observatory is located one quarter-mile from the campus.",
    "link360": "",
    "linkStreetview": "",
    "linkOther": "",
    "linkOtherText": "",
    "imgpath": "/virtualTour/content/mobile/103/0.jpg"
  },
  {
    "id": "38",
    "lat": "43.04968948139681",
    "lng": "-75.40385394910076",
    "name": "Philip Spencer House (Business Office/Human Resources)",
    "description": "Renovated in 2002, the former Chi Psi fraternity house was renamed in honor of the fraternity's founder. It now houses the Business and Human Resources offices.",
    "link360": "",
    "linkStreetview": "https://www.google.com/maps/@43.0502313,-75.4037067,3a,90y,180.32h,85.46t/data=!3m4!1e1!3m2!1suQbVQyQYgK0ncEqY6cBjvg!2e0",
    "linkOther": "",
    "linkOtherText": "",
    "imgpath": "/virtualTour/content/mobile/38/0.jpg"
  },
  {
    "id": "74",
    "lat": "43.0509288551763",
    "lng": "-75.408255",
    "name": "Philosophy Department",
    "description": "This building provides offices and meeting spaces for the Philosophy Department.",
    "link360": "",
    "linkStreetview": "https://www.google.com/maps/@43.0505928,-75.4081165,3a,75y,345.29h,78.35t/data=!3m4!1e1!3m2!1sur1l-IzwHsopenMckR0QFw!2e0",
    "linkOther": "",
    "linkOtherText": "",
    "imgpath": "/virtualTour/content/mobile/74/0.jpg"
  },
  {
    "id": "105",
    "lat": "43.05493103305493",
    "lng": "-75.41774581805615",
    "name": "Physical Plant",
    "description": "The Physical Plant Office, also known as Maintenance and Operations, is located on Miller Road, adjacent to campus. The Physical Plant staff is responsible for the physical upkeep of the College, including custodial services, repair work and grounds.",
    "link360": "",
    "linkStreetview": "",
    "linkOther": "",
    "linkOtherText": "",
    "imgpath": "/virtualTour/content/mobile/105/0.jpg"
  },
  {
    "id": "171",
    "lat": "43.05276895419757",
    "lng": "-75.40596807612643",
    "name": "Quad",
    "description": "The College's main quadrangle is anchored by Burke Library to the north, the Chapel to the East, the Christian A. Johnson Building and Root Hall to the West and Benedict Hall to the south. In addition to several residence halls, Buttrick Hall and Commons Dining Hall are adjacent to the quad, which plays host to everything from informal games of Frisbee to outdoor class gatherings in the spring.",
    "link360": "",
    "linkStreetview": "https://maps.google.com/maps?ll=43.052733,-75.405701&spn=0.002409,0.002591&cbll=43.052733,-75.405701&layer=c&panoid=U8Pg-SfG-R5G7Kvs_1um6g&cbp=12,240.11,,0,-3.35&t=m&z=19",
    "linkOther": "",
    "linkOtherText": "",
    "imgpath": "/virtualTour/content/mobile/171/0.jpg"
  },
  {
    "id": "106",
    "lat": "43.05663814581556",
    "lng": "-75.39889678907814",
    "name": "Rogers Estate",
    "description": "Students living in Rogers Estate have access to kitchen facilities and are on a special meal plan, taking all meals except lunch at the estate. The building includes singles, doubles, triples and quads complete with a library, living room, TV lounge and a laundry room. Rogers Estate is offered to sophomores, juniors and seniors and is substance-free.",
    "link360": "",
    "linkStreetview": "https://www.google.com/maps/@43.0568517,-75.3985383,3a,90y,222.91h,90.8t/data=!3m5!1e1!3m3!1s2Ttz77MqDkQEbX1opGRcNg!2e0!3e5",
    "linkOther": "",
    "linkOtherText": "",
    "imgpath": "/virtualTour/content/mobile/106/0.jpg"
  },
  {
    "id": "59",
    "lat": "43.05004560250393",
    "lng": "-75.40724038967194",
    "name": "Root Farmhouse",
    "description": "Root Farmhouse, located next to the Beinecke Student Activities Village along Martin's Way, provides a unique atmosphere for 20 students. The most centrally located residence hall, the farmhouse consists of three apartments that each include a bathroom, living room, kitchen, laundry facilities and a front porch. The apartments, which are available to sophomores, juniors and seniors, are comprised of singles and doubles.",
    "link360": "",
    "linkStreetview": "https://www.google.com/maps/@43.0503605,-75.4076555,3a,75y,140.27h,88.36t/data=!3m5!1e1!3m3!1sX8Lobp5aXWm2FheTZ9t_5w!2e0!3e5",
    "linkOther": "",
    "linkOtherText": "",
    "imgpath": "/virtualTour/content/mobile/59/0.jpg"
  },
  {
    "id": "37",
    "lat": "43.04942885613814",
    "lng": "-75.40541841013628",
    "name": "Root Glen",
    "description": "The Root Glen is a seven and one-half acre wooded garden and ravine located on the southern side of Hamilton's campus. It is home to some 65 species of trees (including a 120-foot Norway Spruce designated the tallest in the U.S.), many kinds of shrubs and scores of varieties of flowers. The Hamilton campus features an arboretum where trees are grown for scientific and educational purposes, maintained, labeled, cataloged and mapped. Adjacent to the Root Glen is the Grant Garden, which contains a collection of world-class tree peonies, hybridized by A.P. Saunders, long-time Hamilton professor of chemistry.",
    "link360": "",
    "linkStreetview": "https://www.google.com/maps/@43.048294,-75.4063036,3a,75y,83.85h,81.54t/data=!3m5!1e1!3m3!1sdDWt4wNnQ7LPbPsj30iiZQ!2e0!3e5",
    "linkOther": "",
    "linkOtherText": "",
    "imgpath": "/virtualTour/content/mobile/37/0.jpg"
  },
  {
    "id": "82",
    "lat": "43.0522439428323",
    "lng": "-75.40660017083455",
    "name": "Root Hall",
    "description": "Given in 1897 by American statesman Elihu Root, Class of 1864, in memory of his father, Oren 'Cube' Root, professor of mathematics, the building originally served as the Hall of Science. It now houses classrooms and faculty offices for the departments of Comparative Literature, English and Communication.",
    "link360": "",
    "linkStreetview": "https://maps.google.com/maps?ll=43.051994,-75.405962&spn=0.002409,0.002591&cbll=43.051994,-75.405962&layer=c&panoid=XcWoQQ2UmOgVI48qobpYSg&cbp=12,299.97,,1,-4.19&t=m&z=19",
    "linkOther": "",
    "linkOtherText": "",
    "imgpath": "/virtualTour/content/mobile/82/0.jpg"
  },
  {
    "id": "48",
    "lat": "43.04727980037964",
    "lng": "-75.4085683569451",
    "name": "Root Residence Hall",
    "description": "Root is Substance Free and includes single and double rooms, which are offered to sophomore, junior and senior students. There are lounges furnished with couches, tables and kitchenettes located on the third and fourth floors as well as, laundry facilities and a kitchenette on the first floor.",
    "link360": "",
    "linkStreetview": "https://maps.google.com/maps?ll=43.047095,-75.408268&spn=0.017375,0.051627&cbll=43.047109,-75.408285&layer=c&panoid=fLYQzMZKDJYpqj1yAMtvaA&cbp=11,324.66,,0,-4.34&t=m&z=15",
    "linkOther": "",
    "linkOtherText": "",
    "imgpath": "/virtualTour/content/mobile/48/0.jpg"
  },
  {
    "id": "101",
    "lat": "43.05447984422021",
    "lng": "-75.41043031292482",
    "name": "Royce Baseball Field",
    "description": "Home to the Continentals baseball team, the Royce Baseball Field is located adjacent to the Athletic Center. Its infield was recently upgraded with new turf.",
    "link360": "",
    "linkStreetview": "",
    "linkOther": "",
    "linkOtherText": "",
    "imgpath": "/virtualTour/content/mobile/101/0.jpg"
  },
  {
    "id": "65",
    "lat": "43.05079430152109",
    "lng": "-75.40725751863322",
    "name": "Rudd Health Center",
    "description": "Named for the College's 13th president, this building houses Student Health Services, including fully equipped examination and treatment rooms, and Counseling and Psychological Services.",
    "link360": "",
    "linkStreetview": "https://www.google.com/maps/@43.0505121,-75.4071298,3a,75y,343.54h,86.47t/data=!3m4!1e1!3m2!1sNZFW_2FzmqJWiYCRXO2yRw!2e0",
    "linkOther": "",
    "linkOtherText": "",
    "imgpath": "/virtualTour/content/mobile/65/0.jpg"
  },
  {
    "id": "60",
    "lat": "43.05030027689194",
    "lng": "-75.40811308688132",
    "name": "Sadove Student Center at Emerson Hall",
    "description": "Built in 1928 as home to the Emerson Literary Society, the Sadove Student Center offers gathering places and meeting rooms, a photographic darkroom, a kitchenette, work areas and storage space. The building houses the College Bookstore and radio station (WHCL), as well as the student newspaper (The Spectator), student organization spaces, club offices and the Student Activities Office. Renovated and expanded in 2010, it is named for Steve Sadove '73, P'07'10, '13, chairman of the Board of Trustees and former CEO of Saks, Inc. ",
    "link360": "https://www.google.com/maps/views/view/114750777888267481126/gphoto/5978883077663196754?gl=us&heading=118&pitch=79&fovy=75",
    "linkStreetview": "https://maps.google.com/maps?ll=43.050271,-75.407667&spn=0.614664,0.826035&cbll=43.050271,-75.407667&layer=c&panoid=uIik9oGxmRpKruC58BKTVA&cbp=12,247.02,,0,-3.44&t=m&z=11",
    "linkOther": "",
    "linkOtherText": "",
    "imgpath": "/virtualTour/content/mobile/60/0.jpg"
  },
  {
    "id": "96",
    "lat": "43.05369729260488",
    "lng": "-75.40776196486003",
    "name": "Sage Rink",
    "description": "The Sage Rink received new lighting, ice-making equipment and general structural enhancements when it was renovated, yet architects preserved the building's unique character as the nation's oldest indoor college hockey rink. In addition to the men's and women's varsity ice hockey teams and numerous intramural squads, recreational skaters and physical education classes utilize the facility.",
    "link360": "https://www.google.com/maps/views/view/114750777888267481126/gphoto/5978870642230550466?gl=us&heading=84&pitch=93&fovy=75",
    "linkStreetview": "https://maps.google.com/maps?ll=43.053725,-75.407101&spn=0.002409,0.002591&cbll=43.053725,-75.407101&layer=c&panoid=oFGprckO1wieyyLlE9zh9g&cbp=12,234.32,,0,1.58&t=m&z=19",
    "linkOther": "",
    "linkOtherText": "",
    "imgpath": "/virtualTour/content/mobile/96/0.jpg"
  },
  {
    "id": "91",
    "lat": "43.05156461461522",
    "lng": "-75.40963645782846",
    "name": "Saunders House",
    "description": "Saunders House is located on the northwest corner of campus. This historic house provides students with a unique atmosphere and includes single and double rooms complete with a full-service kitchen, dining room, living room, laundry facilities and an outdoor deck.",
    "link360": "",
    "linkStreetview": "https://www.google.com/maps/@43.0515268,-75.4100663,3a,75y,78.75h,79.72t/data=!3m5!1e1!3m3!1s19mGeqLG1MwjfvmAeSp-8w!2e0!3e5",
    "linkOther": "",
    "linkOtherText": "",
    "imgpath": "/virtualTour/content/mobile/91/0.jpg"
  },
  {
    "id": "110",
    "lat": "43.04794551330744",
    "lng": "-75.40859813519269",
    "name": "Schambach Center (Wellin Hall)",
    "description": "Located between McEwen Hall and the List Art Center, the Schambach Center houses 17 teaching studios and practice rooms, a fully equipped electronic music and recording studio, a music library, faculty offices and two rehearsal halls. The Carol Woodhouse Wellin Performance Hall, a 700-seat auditorium with acoustics to rival any concert hall of its size, is the center's showpiece. Completed in 1988, the building is named for Hans H. Schambach '43, a longtime College trustee.",
    "link360": "https://www.google.com/maps/views/view/114750777888267481126/gphoto/6026642473278606018?gl=us&heading=75&pitch=88&fovy=75",
    "linkStreetview": "https://www.google.com/maps/@43.0481344,-75.409124,3a,90y,156.12h,73.02t/data=!3m5!1e1!3m3!1sxjemAHRsJlv1OAiZhs52SA!2e0!3e5",
    "linkOther": "http://www.hamiltonpa.org/http://http://www.hamiltonpa.org/",
    "linkOtherText": "Performing Arts",
    "imgpath": "/virtualTour/content/mobile/110/0.jpg"
  },
  {
    "id": "98",
    "lat": "43.05424185590408",
    "lng": "-75.4080512903158",
    "name": "Scott Field House",
    "description": "The Field House, a 55,000-square-foot multipurpose structure, contains three regulation-size basketball/volleyball courts and seats 2,000 spectators. It also houses a six-lane, 200-meter running track and indoor courts for tennis, handball and racquetball. The playing surface can accommodate practice for outdoor varsity sports during inclement weather, and nets drop down for golf and batting practice.",
    "link360": "https://www.google.com/maps/views/view/114750777888267481126/gphoto/5978878300777028530?gl=us&heading=310&pitch=92&fovy=75",
    "linkStreetview": "https://maps.google.com/maps?ll=43.054557,-75.407101&spn=0.002409,0.003227&cbll=43.054462,-75.407088&layer=c&panoid=wfGs8dG15_WfKdiCMI1KGQ&cbp=12,220,,0,10.32&t=m&z=19",
    "linkOther": "",
    "linkOtherText": "",
    "imgpath": "/virtualTour/content/mobile/98/0.jpg"
  },
  {
    "id": "40",
    "lat": "43.05069946149905",
    "lng": "-75.40228091738997",
    "name": "Skenandoa House",
    "description": "Skenandoa features air-conditioned single and double rooms, each with their own bathroom, for sophomores, juniors and seniors. There is a two-person apartment located on the first floor with two singles, a bathroom, common room and full kitchen.  Lounges with furniture for studying and watching television are located throughout the building and there is a laundry room and full kitchen on the ground floor.  Skenandoa House is the oldest building in New York State to receive a Silver LEED (Leadership in Energy and Environmental Design) certification by the U.S. Green Building Coalition.",
    "link360": "",
    "linkStreetview": "https://www.google.com/maps/@43.0504118,-75.4019647,3a,75y,330.6h,88.46t/data=!3m5!1e1!3m3!1szyI9Jb5_l8Kc5HwHe67ZBA!2e0!3e5",
    "linkOther": "",
    "linkOtherText": "",
    "imgpath": "/virtualTour/content/mobile/40/0.jpg"
  },
  {
    "id": "66",
    "lat": "43.05112675562406",
    "lng": "-75.40686135911413",
    "name": "Soper Hall of Commons",
    "description": "Commons is the larger of Hamilton's two dining halls. Bon Appetit, the College's food service provider, is an industry leader for preparing fresh foods using locally grown products. The Culinary Institute-trained chefs prepare a diverse menu of choices for students and employees, many of whom join students over lunch. Commons offers a full-service European deli-bar, meat and vegetarian entrees, an extensive salad bar, a pizza and pasta station, and even sushi. Fresh bread, vegetables and fruit, and desserts are among the regular offerings each day.",
    "link360": "https://www.google.com/maps/views/view/114750777888267481126/gphoto/5978872021782111970?gl=us&heading=187&pitch=85&fovy=75",
    "linkStreetview": "https://www.google.com/maps/@43.0512654,-75.4074304,3a,75y,128.05h,85.26t/data=!3m5!1e1!3m3!1scNZTiP-adm682h0e8sfVBQ!2e0!3e5!6m1!1e1?hl=en-US",
    "linkOther": "",
    "linkOtherText": "",
    "imgpath": "/virtualTour/content/mobile/66/0.jpg"
  },
  {
    "id": "184",
    "lat": "43.04726512464632",
    "lng": "-75.41158279661599",
    "name": "South Campus Intramural Field",
    "description": "Located adjacent to Mason Field, this field is home to Hamilton Rugby and is used for other intramural and recreational purposes.",
    "link360": "",
    "linkStreetview": "https://www.google.com/maps/@43.0476971,-75.4107292,3a,90y,211.98h,85.94t/data=!3m5!1e1!3m3!1sLJo3mxk1Ir47xUccFqCr3w!2e0!3e5",
    "linkOther": "",
    "linkOtherText": "",
    "imgpath": "/virtualTour/content/mobile/184/0.jpg"
  },
  {
    "id": "62",
    "lat": "43.05116679973392",
    "lng": "-75.40581979212044",
    "name": "South Residence Hall",
    "description": "This residence hall includes singles, quads, and two room six pulls. The rooms in South feature hardwood floors and are available to students in every class year with first year students who participate in the REAL program living on the 3rd and 4th floors and other class years living on the 1st and 2nd floors.  South houses 126 students and is wheelchair accessible. ",
    "link360": "",
    "linkStreetview": "https://www.google.com/maps/@43.0516666,-75.4051486,3a,90y,198.92h,87.7t/data=!3m5!1e1!3m3!1sPDdYtApv6mQnvg_oS7F_WQ!2e0!3e5",
    "linkOther": "",
    "linkOtherText": "",
    "imgpath": "/virtualTour/content/mobile/62/0.jpg"
  },
  {
    "id": "93",
    "lat": "43.05314969893855",
    "lng": "-75.40867974878965",
    "name": "Steuben Field",
    "description": "Steuben Field is home to the Hamilton football team. It is named in honor of Baron von Steuben, inspector general of the Continental Army and drillmaster of George Washington's troops during the War for Independence. On July 1, 1794, von Steuben laid the cornerstone of the Hamilton-Oneida Academy, which became Hamilton College.",
    "link360": "",
    "linkStreetview": "https://maps.google.com/maps?ll=43.052848,-75.408134&spn=0.002409,0.002591&cbll=43.052848,-75.408134&layer=c&panoid=xFoAIJbSJqHpn3GTro7I_Q&cbp=12,208.83,,0,3.91&t=m&z=19",
    "linkOther": "",
    "linkOtherText": "",
    "imgpath": "/virtualTour/content/mobile/93/0.jpg"
  },
  {
    "id": "97",
    "lat": "43.05422758114906",
    "lng": "-75.4067141609758",
    "name": "Taylor Science Center",
    "description": "Renovated and expanded in 2005, the Taylor Science Center houses offices and laboratories for archaeology, biology, chemistry, geosciences, physics and psychology. The building was designed to encourage interdisciplinary work by creating collaborative opportunities among the faculty and students with teaching labs that foster hands-on research experiences. The complex contains a tri-climate greenhouse, auditorium, coffeehouse and more than 100 teaching and research laboratories. Students and professors are supported in their research by a 500 Mhz nuclear magnetic resonance (NMR) spectrometer, scanning and transmission electron microscopes, and an X-ray diffractometer and fluorescence spectrometer. The chemistry supercomputer, biology laboratory for bioinformatics research, psychology statistics laboratory, general computing classroom and wireless computer connectivity provide state-of-the-art computing facilities. In 2011, the building was dedicated in honor of Edward '46 and Virginia Taylor, who established Hamilton's largest financial aid endowment and committed funds for faculty research in the sciences and arts facilities.",
    "link360": "https://www.google.com/maps/views/view/114750777888267481126/gphoto/5978880835745236098?gl=us&heading=3&pitch=90&fovy=75",
    "linkStreetview": "https://www.google.com/maps/@43.0534713,-75.4069589,3a,75y,43.02h,91.05t/data=!3m5!1e1!3m3!1sZ7nZt8cQIFWW6UgtOXE-YQ!2e0!3e5",
    "linkOther": "",
    "linkOtherText": "",
    "imgpath": "/virtualTour/content/mobile/97/0.jpg"
  },
  {
    "id": "188",
    "lat": "43.04950619683756",
    "lng": "-75.40711619156672",
    "name": "Tolles Pavilion",
    "description": "The Tolles Pavilion, located behind the Little Pub, was built in 2000 and is home to a broad range of activities from luncheons and workshops, to concerts and dances. The facility is equipped with dressing rooms as well as a data projector and 16-foot screen for movies and multimedia presentations.",
    "link360": "",
    "linkStreetview": "https://maps.google.com/maps?ll=43.049886,-75.407241&spn=0.002409,0.002591&cbll=43.049888,-75.407279&layer=c&panoid=QjBIcl8lkywPKbG7vAwCIg&cbp=12,219.98,,0,7.27&t=m&z=19",
    "linkOther": "",
    "linkOtherText": "",
    "imgpath": "/virtualTour/content/mobile/188/0.jpg"
  },
  {
    "id": "187",
    "lat": "43.05544914228094",
    "lng": "-75.40946097182041",
    "name": "Tompkins Golf Course",
    "description": "The Tompkins Golf Course is a nine-hole, 2,761-yard, par 35 course immediately adjacent to campus. There is no admission charged to students, who also use the course during the winter months for cross country skiing.",
    "link360": "",
    "linkStreetview": "https://www.google.com/maps/@43.0578706,-75.4077375,3a,90y,207.09h,88.12t/data=!3m4!1e1!3m2!1sUlR0tQjnQRRTuOPTCccxpQ!2e0",
    "linkOther": "",
    "linkOtherText": "",
    "imgpath": "/virtualTour/content/mobile/187/0.jpg"
  },
  {
    "id": "41",
    "lat": "43.05102750304283",
    "lng": "-75.40277396406881",
    "name": "Wallace Johnson Residence Hall",
    "description": "The Wallace Johnson House ('Wally J') is a residence hall for first year students and includes double and triple rooms. The house has room for 20 students and has a large living room with cable TV, a small kitchen area and laundry facilities.",
    "link360": "",
    "linkStreetview": "https://www.google.com/maps/@43.0511037,-75.402441,3a,90y,257.49h,82.65t/data=!3m5!1e1!3m3!1s8dMERXjHVwk-ce_P2Z5Sog!2e0!3e5",
    "linkOther": "",
    "linkOtherText": "",
    "imgpath": "/virtualTour/content/mobile/41/0.jpg"
  },
  {
    "id": "90",
    "lat": "43.0510113513676",
    "lng": "-75.40979005906709",
    "name": "Wellin Museum of Art",
    "description": "Opened in 2012, the Ruth and Elmer Wellin Museum of Art joins traditional object-based learning with advances in interdisciplinary approaches. With its visible archive and open storage, the museum allows access to a collection of art and artifacts that span millennia and cultures. The building offers classroom space, a study center and a versatile exhibition space. By bringing the classroom into the museum, the Wellin functions as a 'teaching laboratory,' available to students and faculty alike. The museum also serves the broader community, encouraging observation, exploration and engagement through its presentation of exhibitions on the cutting edge of art, art scholarship and research in other disciplines. The museum is named in honor of the parents of trustee Keith Wellin '50, who, along with his wife Wendy, provided funds for the College's new arts facilities.",
    "link360": "https://www.google.com/maps/views/view/114750777888267481126/gphoto/5978883924715109730?gl=us&heading=224&pitch=86&fovy=75",
    "linkStreetview": "https://www.google.com/maps/@43.0506832,-75.4092416,3a,75y,343.58h,81.93t/data=!3m4!1e1!3m2!1sj5c480BqlJRIzSnYYmqFYQ!2e0!6m1!1e1?hl=en-US",
    "linkOther": "http://www.hamilton.edu/wellin",
    "linkOtherText": "Wellin Museum of Art",
    "imgpath": "/virtualTour/content/mobile/90/0.jpg"
  },
  {
    "id": "42",
    "lat": "43.05146682774703",
    "lng": "-75.40214044259682",
    "name": "Wertimer House",
    "description": "Wertimer House is located near the Bristol Center, Skenandoa House and Wallace Johnson House. Wertimer has space for 42 incoming first years in 21 doubles. Since Wertimer houses only first years who are all coming to Hamilton together, the residents often form a close knit community. The first floor lounge is large with a pool table, flat screen TV and is usually buzzing with activity. Two upperclass Resident Advisors will also live in the building. Wertimer is wheelchair accessible.",
    "link360": "",
    "linkStreetview": "https://www.google.com/maps/@43.051308,-75.4022938,3a,90y,45.82h,89.8t/data=!3m5!1e1!3m3!1sbojYlGamvCHj8lQ-9vdudA!2e0!3e5",
    "linkOther": "",
    "linkOtherText": "",
    "imgpath": "/virtualTour/content/mobile/42/0.jpg"
  },
  {
    "id": "87",
    "lat": "43.05450256702542",
    "lng": "-75.40422866780102",
    "name": "Woollcott House",
    "description": "This house is located on Campus Road at the northeast corner of campus. It provides students with singles and doubles complete with a large kitchen, dining room, living room, laundry room and back porch. Students prepare and cook their own meals (except lunch) as part of a co-op. ",
    "link360": "",
    "linkStreetview": "https://www.google.com/maps/@43.0543569,-75.4044385,3a,90y,41.62h,88.66t/data=!3m5!1e1!3m3!1szOIFFdM1_8Akub9ZrFOHYg!2e0!3e5",
    "linkOther": "",
    "linkOtherText": "",
    "imgpath": "/virtualTour/content/mobile/87/0.jpg"
  },
  {
    "id": "189",
    "lat": "43.050044",
    "lng": "-75.408435",
    "name": "ZipCars",
    "description": "Need to run an errand?  Want to get away for the weekend? Hamilton College students, faculty and staff have 24/7 access to two Zipcars parked on campus. Reserve your car online, let yourself in with your Zipcard and drive. The hourly and daily rates include gas, insurance and 180 free miles.",
    "link360": "",
    "linkStreetview": "https://maps.google.com/maps?ll=43.050325,-75.408783&spn=0.614664,0.826035&cbll=43.050055,-75.408671&layer=c&panoid=6CFLpdyIyNiOtYKsjTBF_Q&cbp=12,69.61,,0,8.25&t=m&z=11",
    "linkOther": "",
    "linkOtherText": "",
    "imgpath": "/virtualTour/content/mobile/189/0.jpg"
  }
]